"product_id","variation_id","hue","name","color"
19107,19110,"black","bulky merino wool","crow"
13654,16071,NA,"4/4 cotton yarn","black"
13654,16071,NA,"worsted cotton yarn","black"
13654,16071,NA,"worsted cotton yarn","small black"
6854,7124,NA,"sun soft linen","plain"
6854,20773,NA,"sun soft linen","indigo"
2563,9213,NA,"fine rayon boucle yarn","natural"
3680,13155,NA,"rayon boucle yarn 3792","natural"
3680,13155,NA,"rayon boucle yarn 3792",NA
21095,21099,NA,"soft cotton roving with seed","sienna"
20468,20686,NA,"single ply metallic yarn","silver natural"
2698,2701,NA,"duo tone rayon yarn","celadon"
2698,2701,NA,"duo tone rayon yarn","celadon small"
11161,19655,NA,"mini dina","lime"
6854,20774,NA,"sun soft linen","tin reflection"
6854,20772,NA,"sun soft linen","sienna"
11161,12660,NA,"mini dina","soft blue"
16440,16448,NA,"cotton bash thick and thin","bleach white"
16440,19374,NA,"cotton bash thick and thin","sand"
16440,19692,NA,"cotton bash thick and thin","denim"
17032,18375,NA,"eyelash rayon chenille","dark purple"
20986,20991,NA,"lana loopy","cream puff"
9625,13165,NA,"super fine wool***super special price***","neon"
2563,9222,NA,"fine rayon boucle yarn","brazil"
2563,9217,NA,"fine rayon boucle yarn","periwinkle"
7860,9245,NA,"fine wool crepe","pink"
7860,9246,NA,"fine wool crepe","orchid"
7860,9247,NA,"fine wool crepe","teal"
7860,9248,NA,"fine wool crepe","sky blue"
17955,19802,NA,"popcorn yarn","bungalow blue"
21000,21002,NA,"lustrous loopy","cascade"
16934,21585,NA,"organic cotton wool soy linen combo","waterfall"
19175,19177,NA,"variegated rayon chenille","blue hawaiian"
19175,19178,NA,"variegated rayon chenille","mint mojito"
605,1049,NA,"american lamb yarn","blue moon"
2382,2384,NA,"super soft worsted cotton yarn","natural"
2382,2384,NA,"super soft worsted cotton yarn","natural worsted"
14587,14589,NA,"softball skein metallic","rainbow"
1987,2013,NA,"wayfarer yarn","pine forest"
20204,20206,NA,"big chenille 1750 ypp","dark olive"
1987,3083,NA,"wayfarer yarn","rose garden"
21000,21786,NA,"lustrous loopy","deep lilac"
3680,21888,NA,"rayon boucle yarn 3792","silver"
1739,17063,NA,"wool crepe yarn","majorka"
18977,18979,NA,"big wool crepe yarn","seal brown"
18977,19486,NA,"big wool crepe yarn","eggshell"
20506,21495,NA,"three ply metallic yarn","turquoise"
20506,21491,NA,"three ply metallic yarn","green"
20506,21961,NA,"three ply metallic yarn","fuschia black"
20506,21492,NA,"three ply metallic yarn","pink"
12984,15704,NA,"macaw yarn","african gray"
12984,15701,NA,"macaw yarn","cockatoo"
17088,9999,NA,"poly oreo yarn",NA
16756,16766,NA,"wavy 100% bamboo yarn","licorice"
16246,16254,NA,"new mix","d"
21998,22009,NA,"tweedy twin wool","gold finch"
21998,22007,NA,"tweedy twin wool","brick oven"
21429,21435,NA,"cloud yarn",NA
18354,18355,NA,"wool crepe confetti","natural"
1739,2560,NA,"wool crepe yarn","tan"
6342,16875,NA,"shiny worsted rayon boucle","clay"
20506,21487,NA,"three ply metallic yarn","copper"
20506,21486,NA,"three ply metallic yarn","black copper"
17166,17204,NA,"metallic diva yarn","banging blue"
18963,18968,NA,"soft cotton roving","blue eyes"
18963,18968,NA,"soft cotton roving with seed","blue eyes"
18963,18966,NA,"soft cotton roving","lavender"
18963,18966,NA,"soft cotton roving with seed","lavender"
18963,18964,NA,"soft cotton roving","rose"
18963,18964,NA,"soft cotton roving with seed","rose"
10060,10061,NA,"memory yarn",NA
9841,9845,NA,"viscose stretch yarn","natural"
5605,5680,NA,"duet yarns","jade "
1987,21164,NA,"wayfarer yarn","honey mustard"
1987,19421,NA,"wayfarer yarn","bright red"
18963,18967,NA,"soft cotton roving","sage"
18963,18967,NA,"soft cotton roving with seed","sage"
13654,16074,NA,"4/4 cotton yarn","cotton candy"
13654,16074,NA,"worsted cotton yarn","cotton candy"
13654,16074,NA,"worsted cotton yarn","small cotton candy"
16614,16621,NA,"nature's wool","limestone"
16614,16629,NA,"nature's wool","onyx"
18963,22036,NA,"soft cotton roving","rose"
18963,22037,NA,"soft cotton roving","blue eyes"
18963,22159,NA,"soft cotton roving","blue flag iris"
18963,22161,NA,"soft cotton roving","lavender"
18963,9999,NA,"soft cotton roving","sage"
18963,22162,NA,"soft cotton roving","buttercup"
1058,3382,NA,"florafil yarn super soft cotton | worsted","brown galingale"
1085,1097,NA,"florafil super soft cotton yarn | bulky","indian paintbrush"
1085,2517,NA,"florafil super soft cotton yarn | bulky","marigold"
1085,1103,NA,"florafil super soft cotton yarn | bulky","yellow cinquefoil"
605,1885,NA,"american lamb yarn","pumpkin"
605,1050,NA,"american lamb yarn","curry powder"
605,11431,NA,"american lamb yarn","hot spring"
605,11433,NA,"american lamb yarn","zengari"
605,1048,NA,"american lamb yarn","wineglass"
1987,11442,NA,"wayfarer yarn","pink elephant"
1987,2005,NA,"wayfarer yarn","natural"
1987,2006,NA,"wayfarer yarn","sand dune"
1987,2007,NA,"wayfarer yarn","mud puddle"
1987,2008,NA,"wayfarer yarn","gravel"
1987,2009,NA,"wayfarer yarn","iron bridge"
1987,2011,NA,"wayfarer yarn","hot spring"
1987,2012,NA,"wayfarer yarn","harbor"
1987,2014,NA,"wayfarer yarn","meadow"
1987,2016,NA,"wayfarer yarn","camp fire"
1987,2018,NA,"wayfarer yarn","coral reef"
1987,3082,NA,"wayfarer yarn","briny deep"
1987,2017,NA,"wayfarer yarn","cranberry harvest"
16546,19635,NA,"curaã§ao cotton boucle","papaya"
16546,16548,NA,"curaã§ao cotton boucle","sea glass"
16546,16548,NA,"curaã§ao cotton boucle","seaglass"
10855,13050,NA,"shades of sunset","sunset blue"
2938,16171,NA,"seeded rayon yarn","black "
2260,6734,NA,"3 ply silky rayon yarn","light berry"
2563,9219,NA,"fine rayon boucle yarn","caramel"
2563,9216,NA,"fine rayon boucle yarn","navy"
19708,19716,NA,"thick and thin cotton with linen","sunshine"
19708,19713,NA,"thick and thin cotton with linen","sand dune"
20214,20217,NA,"sunburst yarn",NA
16047,19878,NA,"autumn leaves",NA
9824,9828,NA,"fun multi","butternut"
19708,19709,NA,"thick and thin cotton with linen","bright white"
21048,21054,NA,"8/2 unmercerized cotton","steel serpent"
21048,21060,NA,"8/2 unmercerized cotton","tin reflection"
21048,21068,NA,"8/2 unmercerized cotton","beeswax"
17702,19895,NA,"persian rug yarn","natural"
13312,19591,NA,"jewels","black black"
1946,22124,NA,"rayon chenille yarn 1300 ypp","soft rose"
21000,21782,NA,"lustrous loopy","red wine"
3680,22138,NA,"rayon boucle yarn 3792","kale"
3680,22140,NA,"rayon boucle yarn 3792","dark purple"
9581,21800,NA,"skinny majesty","deep lilac"
3680,21772,NA,"rayon boucle yarn 3792","cayenne"
21017,21028,NA,"stormy yarn","very berry"
9824,9829,NA,"fun multi","confetti"
9824,9826,NA,"fun multi","spices"
21998,21999,NA,"tweedy twin wool","foggy evening"
21998,22003,NA,"tweedy twin wool","purple galaxy"
21048,21050,NA,"8/2 unmercerized cotton","garden spot green"
21048,21052,NA,"8/2 unmercerized cotton","pine forest"
21048,21058,NA,"8/2 unmercerized cotton","indigo"
21048,21056,NA,"8/2 unmercerized cotton","sienna"
21048,21070,NA,"8/2 unmercerized cotton","very berry"
21998,22002,NA,"tweedy twin wool","chateau brown"
2698,21901,NA,"duo tone rayon yarn","blue jay"
2698,21903,NA,"duo tone rayon yarn","emerald"
1739,12989,NA,"wool crepe yarn","royal blue"
17848,18107,NA,"classic combo duo","violet cotton rayon"
10496,10718,NA,"worsted rayon boucle","blueberry"
6854,21149,NA,"sun soft linen","very berry"
3680,22141,NA,"rayon boucle yarn 3792","mauve"
19708,19710,NA,"thick and thin cotton with linen","midnight navy"
2698,17886,NA,"duo tone rayon yarn","pearl"
13790,13797,NA,"hank or cone","spider cone"
13790,13800,NA,"hank or cone","butterfly cone"
17955,20202,NA,"popcorn yarn","bubblegum"
10285,10863,NA,"swirl yarn","oreo"
16287,16288,NA,"wool boucle","natural"
1739,12346,NA,"wool crepe yarn","dew"
9581,21913,NA,"skinny majesty","blue jay"
9581,21914,NA,"skinny majesty","dandelion"
9581,21915,NA,"skinny majesty","emerald"
9581,21801,NA,"skinny majesty","liquid blue"
9581,21799,NA,"skinny majesty","cayenne"
9581,13184,NA,"skinny majesty","bleached white"
9581,10493,NA,"skinny majesty","rust"
9581,9617,NA,"skinny majesty","natural"
9581,9832,NA,"skinny majesty","mimosa"
7860,9249,NA,"fine wool crepe","natural"
16614,16625,NA,"nature's wool","celestine"
16614,19254,NA,"nature's wool","purple rain"
16614,19276,NA,"nature's wool","clear lake"
19107,19115,NA,"bulky merino wool","violet"
21998,22010,NA,"tweedy twin wool","gold finch"
21998,22004,NA,"tweedy twin wool","purple galaxy"
21998,22005,NA,"tweedy twin wool","dusty feather"
11161,11163,NA,"mini dina","white"
11161,11162,NA,"mini dina","natural"
11161,19366,NA,"mini dina","silver"
11161,19654,NA,"mini dina","cascade navy"
2260,6711,NA,"3 ply silky rayon yarn","royal"
2260,6710,NA,"3 ply silky rayon yarn","jade"
2260,6735,NA,"3 ply silky rayon yarn","dark berry"
2260,6736,NA,"3 ply silky rayon yarn","red bull"
6854,20771,NA,"sun soft linen","steel serpent"
6854,7126,NA,"sun soft linen","metallic"
6854,20775,NA,"sun soft linen","spring water"
6854,21151,NA,"sun soft linen","bravado red"
6854,21150,NA,"sun soft linen","gulfstream"
19207,21907,NA,"5/2 spun rayon","blue jay"
19207,21908,NA,"5/2 spun rayon","dandelion"
19207,21415,NA,"5/2 spun rayon","natural"
19207,21807,NA,"5/2 spun rayon","cayenne"
19207,21808,NA,"5/2 spun rayon","deep lilac"
19207,21809,NA,"5/2 spun rayon","liquid blue"
19207,21810,NA,"5/2 spun rayon","red wine"
19207,21909,NA,"5/2 spun rayon","emerald"
1946,2265,NA,"rayon chenille yarn 1300 ypp","silver"
6342,16873,NA,"shiny worsted rayon boucle","vanilla"
1749,18086,NA,"rayon chenille yarn 1850 ypp","hazelnut"
6342,15537,NA,"shiny worsted rayon boucle","golden"
17166,17357,NA,"metallic diva yarn","midnight disco"
17166,17202,NA,"metallic diva yarn","pretty pink"
2382,17136,NA,"super soft worsted cotton yarn","dark coal"
17551,17559,NA,"matte skinny majesty","licorice"
17551,17559,NA,"dull skinny majesty","licorice"
1946,21724,NA,"rayon chenille yarn 1300 ypp","charcoal"
1946,1947,NA,"rayon chenille yarn 1300 ypp","black"
1946,1947,NA,"rayon chenille yarn 1300 ypp","black large"
17410,17414,NA,"rayon swirl","silver swirl"
21095,21100,NA,"soft cotton roving with seed","indigo"
21095,21101,NA,"soft cotton roving with seed","tin reflection"
21095,21098,NA,"soft cotton roving with seed","steel serpent"
21095,21097,NA,"soft cotton roving with seed","pine forest"
21095,21104,NA,"soft cotton roving with seed","forever lilac"
21095,21105,NA,"soft cotton roving with seed","beeswax"
21095,21106,NA,"soft cotton roving with seed","very berry"
21095,21107,NA,"soft cotton roving with seed","gulfstream"
18963,18965,NA,"soft cotton roving","buttercup"
18963,18965,NA,"soft cotton roving with seed","buttercup"
17955,19607,NA,"popcorn yarn","candy corn"
1085,1102,NA,"florafil super soft cotton yarn | bulky","red hibiscus"
21048,21049,NA,"8/2 unmercerized cotton","garden spot green"
21048,21055,NA,"8/2 unmercerized cotton","sienna"
21048,21059,NA,"8/2 unmercerized cotton","tin reflection"
21048,21065,NA,"8/2 unmercerized cotton","forever lilac"
21048,21067,NA,"8/2 unmercerized cotton","beeswax"
2586,18005,NA,"fine metallic gimp yarn","chrome"
2586,18004,NA,"fine metallic gimp yarn","gold"
2586,19976,NA,"fine metallic gimp yarn","matte gold"
1946,3289,NA,"rayon chenille yarn 1300 ypp","soft rose"
1946,2267,NA,"rayon chenille yarn 1300 ypp","cream"
1946,2267,NA,"rayon chenille yarn 1300 ypp","cream large"
1946,14334,NA,"rayon chenille yarn 1300 ypp","golden peach"
1946,14334,NA,"rayon chenille yarn 1300 ypp","golden peach large"
21000,21004,NA,"lustrous loopy","platinum"
16440,19446,NA,"cotton bash thick and thin","sunflower"
16440,19691,NA,"cotton bash thick and thin","eros"
21048,21062,NA,"8/2 unmercerized cotton","spring water"
21048,21072,NA,"8/2 unmercerized cotton","gulfstream"
21048,21066,NA,"8/2 unmercerized cotton","forever lilac"
1085,1091,NA,"florafil super soft cotton yarn | bulky","coral hibiscus"
16999,17004,NA,"luxury fine wool",NA
9625,13172,NA,"super fine wool***super special price***","epic orange"
19107,19109,NA,"bulky merino wool","barn red"
19107,20458,NA,"bulky merino wool","stone"
19107,20452,NA,"bulky merino wool","olive"
1739,2524,NA,"wool crepe yarn","burgundy"
13654,18333,NA,"4/4 cotton yarn","khaki"
13654,18333,NA,"worsted cotton yarn","khaki"
21017,21020,NA,"stormy yarn","steel serpent"
21017,21022,NA,"stormy yarn","indigo"
20525,20532,NA,"four ply metallic yarn","red"
20506,21483,NA,"three ply metallic yarn","purple"
21000,21897,NA,"lustrous loopy","emerald"
21000,21003,NA,"lustrous loopy","verde"
20506,21484,NA,"three ply metallic yarn","gold"
20506,21493,NA,"three ply metallic yarn","silver"
17955,18233,NA,"popcorn yarn","pop punk"
17955,17957,NA,"popcorn yarn","rainbow gourmet"
9841,9842,NA,"viscose stretch yarn","black"
1946,15021,NA,"rayon chenille yarn 1300 ypp","navy"
1946,15021,NA,"rayon chenille yarn 1300 ypp","navy large"
13654,21092,NA,"4/4 cotton yarn","beeswax"
20497,20503,NA,"two ply metallic yarn","silver"
9226,9231,NA,"fancy twist cotton yarns",NA
16756,16757,NA,"wavy 100% bamboo yarn","aubergine"
1946,21723,NA,"rayon chenille yarn 1300 ypp","red wine"
21048,21064,NA,"8/2 unmercerized cotton","bravado red"
21429,21436,NA,"cloud yarn",NA
11161,12661,NA,"mini dina","sunflower"
11161,19367,NA,"mini dina","light copper"
11161,12676,NA,"mini dina","red"
18199,18201,NA,"jetty sun yarn","algae"
18199,18200,NA,"jetty sun yarn","stone"
19708,19712,NA,"thick and thin cotton with linen","pewter"
13654,18568,NA,"4/4 cotton yarn","denim"
13654,18568,NA,"worsted cotton yarn","denim"
18281,21192,NA,"8/4 unmercerized cotton (merry maid)","gulfstream"
18281,20569,NA,"8/4 unmercerized cotton (merry maid)","aquatic"
18281,20569,NA,"lace cotton yarn (8/4 unmercerized cotton)","aquatic"
605,1882,NA,"american lamb yarn","olive jar"
605,1883,NA,"american lamb yarn","delft blue"
605,1884,NA,"american lamb yarn","granite"
16047,19879,NA,"autumn leaves",NA
20468,20475,NA,"single ply metallic yarn","white"
16934,21584,NA,"organic cotton wool soy linen combo","freshwater"
18281,18289,NA,"8/4 unmercerized cotton (merry maid)","cotton candy"
18281,18289,NA,"merry maid yarn (8/4 unmercerized cotton)","cotton candy"
16546,16556,NA,"curaã§ao cotton boucle","mango"
18281,21137,NA,"8/4 unmercerized cotton (merry maid)","beeswax"
18281,21138,NA,"8/4 unmercerized cotton (merry maid)","indigo"
16934,21583,NA,"organic cotton wool soy linen combo","pollen"
18281,20572,NA,"8/4 unmercerized cotton (merry maid)","aquatic"
19175,19176,NA,"variegated rayon chenille","berry chill"
1085,19731,NA,"florafil super soft cotton yarn | bulky","natural cotton"
1085,1092,NA,"florafil super soft cotton yarn | bulky","chocolate lily"
1085,1088,NA,"florafil super soft cotton yarn | bulky","brown galingale"
1946,17534,NA,"rayon chenille yarn 1300 ypp","white"
1946,18368,NA,"rayon chenille yarn 1300 ypp","hot pink"
1946,18368,NA,"rayon chenille yarn 1300 ypp","hot pink large"
1946,21726,NA,"rayon chenille yarn 1300 ypp","cayenne"
1946,21854,NA,"rayon chenille yarn 1300 ypp","dandelion"
1946,21852,NA,"rayon chenille yarn 1300 ypp","blue jay"
9357,16156,NA,"rayon ribbon","lava"
12680,12714,NA,"shimmer yarn","blue hyacinth"
16406,19580,NA,"green chrysanthemum on cone",NA
2382,19789,NA,"super soft worsted cotton yarn","honeydew"
17955,17956,NA,"popcorn yarn","green apple"
19551,9999,NA,"big rayon boucle",NA
21095,21102,NA,"soft cotton roving with seed","spring water"
21095,21096,NA,"soft cotton roving with seed","garden spot green"
21017,21019,NA,"stormy yarn","pine forest"
21017,21029,NA,"stormy yarn","gulfstream"
2382,15874,NA,"super soft worsted cotton yarn","plum"
2382,15874,NA,"super soft worsted cotton yarn","plum worsted"
2382,18317,NA,"super soft worsted cotton yarn","navy"
2382,19791,NA,"super soft worsted cotton yarn","misty rose"
21000,21895,NA,"lustrous loopy","blue jay"
21000,21896,NA,"lustrous loopy","dandelion"
21000,21785,NA,"lustrous loopy","liquid blue"
21000,21783,NA,"lustrous loopy","cayenne"
2698,2700,NA,"duo tone rayon yarn","aqua"
2698,18389,NA,"duo tone rayon yarn","dark purple"
2698,18389,NA,"duo tone rayon yarn","large dark purple"
18952,18954,NA,"cotton rayon twist","steel"
17955,19909,NA,"popcorn yarn","red apple"
16614,16627,NA,"nature's wool","sandstone"
16614,16627,NA,"nature's wool","calcite"
16614,16619,NA,"nature's wool","calcite"
16614,16619,NA,"nature's wool","sandstone"
16614,16623,NA,"nature's wool","fern"
16614,19348,NA,"nature's wool","sky blue"
19846,19854,NA,"fun mini accents","polka dot"
19846,19855,NA,"fun mini accents","jems"
12357,12364,NA,"fiesta wool","sombrero"
605,1046,NA,"american lamb yarn","pink elephant"
18970,18972,NA,"super soft cotton metallic","gold"
18354,18356,NA,"wool crepe confetti","tan"
17848,18110,NA,"classic combo duo","silver birch cotton"
21017,21025,NA,"stormy yarn","bravado red"
18281,21190,NA,"8/4 unmercerized cotton (merry maid)","bravado red"
1946,21855,NA,"rayon chenille yarn 1300 ypp","emerald green"
1739,17408,NA,"wool crepe yarn","midnight navy"
1739,8620,NA,"wool crepe yarn","seal brown"
2563,9200,NA,"fine rayon boucle yarn","black"
17551,18157,NA,"matte skinny majesty","bark"
17551,17933,NA,"matte skinny majesty","natural"
17551,17933,NA,"dull skinny majesty","natural"
12357,17803,NA,"fiesta wool","jalapeno"
16934,21586,NA,"organic cotton wool soy linen combo","night owl"
16934,21587,NA,"organic cotton wool soy linen combo","natural"
16934,21588,NA,"organic cotton wool soy linen combo","rustic red"
16934,21589,NA,"organic cotton wool soy linen combo","wisteria"
18970,18973,NA,"super soft cotton metallic","rainbow"
16047,19877,NA,"autumn leaves",NA
20525,20529,NA,"four ply metallic yarn","rainbow"
20506,20515,NA,"three ply metallic yarn","red"
21017,21023,NA,"stormy yarn","tin reflection"
21017,21021,NA,"stormy yarn","sienna"
18970,18971,NA,"super soft cotton metallic","copper"
605,1052,NA,"american lamb yarn","black onyx"
605,1051,NA,"american lamb yarn","natural"
12357,12362,NA,"fiesta wool","natural"
12357,17801,NA,"fiesta wool","cactus"
12357,21663,NA,"fiesta wool","stone"
12357,17799,NA,"fiesta wool","red pepper"
12399,12400,NA,"cotton rayon yarn","bark"
12399,12403,NA,"cotton rayon yarn","sade"
19107,19114,NA,"bulky merino wool","toasted pecan"
9357,16154,NA,"rayon ribbon","ocean"
1946,21725,NA,"rayon chenille yarn 1300 ypp","deep lilac"
18963,18969,NA,"soft cotton roving with seed","natural"
16999,17003,NA,"luxury fine wool",NA
605,11432,NA,"american lamb yarn","meadow"
16756,16768,NA,"wavy 100% bamboo yarn","zest"
19708,19714,NA,"thick and thin cotton with linen","scarlet"
18281,18561,NA,"8/4 unmercerized cotton (merry maid)","lilac"
18281,18561,NA,"merry maid yarn (8/4 unmercerized cotton)","lilac"
18281,20200,NA,"8/4 unmercerized cotton (merry maid)","lime"
13654,17244,NA,"4/4 cotton yarn","burgundy"
13654,17244,NA,"worsted cotton yarn","burgundy"
13654,17244,NA,"worsted cotton yarn","small burgundy"
13654,17275,NA,"4/4 cotton yarn","berry"
13654,17275,NA,"worsted cotton yarn","berry"
13654,17329,NA,"4/4 cotton yarn","bright purple"
13654,17329,NA,"worsted cotton yarn","bright purple"
13654,17329,NA,"worsted cotton yarn","small bright purple"
13654,18331,NA,"4/4 cotton yarn","lavender"
13654,18331,NA,"worsted cotton yarn","lavender"
13654,18331,NA,"worsted cotton yarn","medium lavender"
13654,19023,NA,"4/4 cotton yarn","lilac"
13654,19023,NA,"worsted cotton yarn","lilac"
19708,19715,NA,"thick and thin cotton with linen","sea foam"
18281,20571,NA,"8/4 unmercerized cotton (merry maid)","barberry"
18281,19029,NA,"8/4 unmercerized cotton (merry maid)","sienna"
18281,19029,NA,"merry maid yarn (8/4 unmercerized cotton)","sienna"
20497,20504,NA,"two ply metallic yarn","light blue"
21551,21564,NA,"radiant wool rayon","honey crystal"
21551,21552,NA,"radiant wool rayon","lilac luster"
21551,21566,NA,"radiant wool rayon","gala garnet"
1739,17325,NA,"wool crepe yarn","brilliant orange"
1739,16191,NA,"wool crepe yarn","coral"
1739,16189,NA,"wool crepe yarn","custard"
1085,1089,NA,"florafil super soft cotton yarn | bulky","blue hyacinth"
19107,19108,NA,"bulky merino wool","arctic"
14587,14588,NA,"softball skein metallic","silver"
20506,9999,NA,"three ply metallic yarn","copper black"
20506,9999,NA,"three ply metallic yarn","soft white"
20506,9999,NA,"three ply metallic yarn","gold"
20506,9999,NA,"three ply metallic yarn","purple"
20506,9999,NA,"three ply metallic yarn","royal blue"
20214,20216,NA,"sunburst yarn",NA
1085,1096,NA,"florafil super soft cotton yarn | bulky","helenium mardi gras"
1085,1086,NA,"florafil super soft cotton yarn | bulky","aster"
13654,19016,NA,"4/4 cotton yarn","stone"
13654,19016,NA,"worsted cotton yarn","stone"
16495,16496,NA,"fun mini skeins","jade"
9357,17520,NA,"rayon ribbon","purple night"
9357,17520,NA,"rayon ribbon","purple night small"
19107,20080,NA,"bulky merino wool","roasted pumpkin"
19107,20456,NA,"bulky merino wool","bubble gum"
19107,20457,NA,"bulky merino wool","candy twist"
20986,20990,NA,"lana loopy","brass"
11180,12639,NA,"seeded ratton (avanti)","natural"
11180,13992,NA,"seeded ratton (avanti)","dark navy"
11180,13994,NA,"seeded ratton (avanti)","black"
11180,19883,NA,"seeded ratton (avanti)","purple plum"
1987,2015,NA,"wayfarer yarn","prairie"
19175,19180,NA,"variegated rayon chenille","watermelon rose"
10855,14306,NA,"shades of sunset","sunset purple"
20506,21485,NA,"three ply metallic yarn","black"
2260,6737,NA,"3 ply silky rayon yarn","cactus"
21551,21562,NA,"radiant wool rayon","vigorous violet"
18977,19487,NA,"big wool crepe yarn","fern"
18977,19485,NA,"big wool crepe yarn","flax"
18977,19482,NA,"big wool crepe yarn","light blue"
19175,19179,NA,"variegated rayon chenille","sunset spritz"
1749,18081,NA,"rayon chenille yarn 1850 ypp","red cherry"
16614,18689,NA,"nature's wool","sapphire"
16614,16631,NA,"nature's wool","red jasper"
16614,18687,NA,"nature's wool","chestnut"
1946,15014,NA,"rayon chenille yarn 1300 ypp","white"
1946,15014,NA,"rayon chenille yarn 1300 ypp","white large"
10855,14805,NA,"shades of sunset","sunset green"
13654,21128,NA,"4/4 cotton yarn","tin reflection"
19099,19101,NA,"big macrame twist","shitake"
16246,16252,NA,"new mix","c"
1069,1071,NA,"florafil metallic yarn | bulky","coral hibiscus with"
19099,19100,NA,"big macrame twist","vanilla cream"
17848,18108,NA,"classic combo duo","willow cotton"
9367,17127,NA,"flax cotton rayon blend yarn","jet black"
19099,19102,NA,"big macrame twist","truffle"
16406,19581,NA,"green chrysanthemum on cone",NA
1085,1383,NA,"florafil super soft cotton yarn | bulky","white lily"
17848,18106,NA,"classic combo duo","violet cotton"
2382,19790,NA,"super soft worsted cotton yarn","milky"
2382,19788,NA,"super soft worsted cotton yarn","yellow corn"
20468,20474,NA,"single ply metallic yarn","gold"
10060,10073,NA,"memory yarn",NA
17166,17203,NA,"metallic diva yarn","curvy copper"
16614,18688,NA,"nature's wool","safari"
16614,16633,NA,"nature's wool","terracotta"
605,1886,NA,"american lamb yarn","grape juice"
605,15120,NA,"american lamb yarn","periwinkle"
17166,17201,NA,"metallic diva yarn","poppy purple"
17166,17355,NA,"metallic diva yarn","passion purple"
17166,17356,NA,"metallic diva yarn","funky fuschia"
17166,17359,NA,"metallic diva yarn","pearl"
17166,17362,NA,"metallic diva yarn","black pearl"
20986,20988,NA,"lana loopy","honeycomb"
17848,18951,NA,"classic combo duo","purple orchid cotton"
1085,1384,NA,"florafil super soft cotton yarn | bulky","navy bellflower"
21095,21103,NA,"soft cotton roving with seed","bravado red"
20506,21494,NA,"three ply metallic yarn","silver black"
12399,12401,NA,"cotton rayon yarn","indigo"
16614,19278,NA,"nature's wool","pink heart"
20525,20528,NA,"four ply metallic yarn","kelly green"
20525,20531,NA,"four ply metallic yarn","green"
10496,10726,NA,"worsted rayon boucle","fuchsia"
10496,10727,NA,"worsted rayon boucle","purple"
17702,17709,NA,"persian rug yarn","borage petal"
17702,17711,NA,"persian rug yarn","green curry"
17702,17710,NA,"persian rug yarn","green tea"
17702,17712,NA,"persian rug yarn","paprika"
3680,9999,NA,"rayon boucle yarn 3792",NA
10078,18075,NA,"speck","coffee and cream"
10078,18190,NA,"speck","oreo cookie"
18165,18166,NA,"enchanted yarn (unmercerized cotton)","fire red"
14007,14014,NA,"nature walk","dawn"
16934,9999,NA,"soy wool combo yarn",NA
14587,14591,NA,"softball skein metallic","gold"
20986,20987,NA,"lana loopy","caviar"
20986,20989,NA,"lana loopy","twilight grey"
20214,20215,NA,"sunburst yarn",NA
18199,21173,NA,"jetty sun yarn","platinum"
9824,9825,NA,"fun multi","berries"
1085,1095,NA,"florafil super soft cotton yarn | bulky","green chrysanthemum"
1085,1101,NA,"florafil super soft cotton yarn | bulky","pink phlox"
19107,19116,NA,"bulky merino wool","wisteria"
1144,1159,NA,"florafil baby yarn| soft bulky cotton yarn","baby buttercup"
18281,19730,NA,"8/4 unmercerized cotton (merry maid)","natural"
18281,19730,NA,"lace cotton yarn (8/4 unmercerized cotton)","natural"
18281,19730,NA,"merry maid yarn (8/4 unmercerized cotton)","natural"
20204,20205,NA,"big chenille 1750 ypp","mint"
17166,17200,NA,"metallic diva yarn","groovy green"
17166,17199,NA,"metallic diva yarn","rhythm red"
17032,18374,NA,"eyelash rayon chenille","hot pink"
1946,3631,NA,"rayon chenille yarn 1300 ypp","burgundy"
1946,3631,NA,"rayon chenille yarn 1300 ypp","burgundy large"
1946,3633,NA,"rayon chenille yarn 1300 ypp","dark purple"
1946,3633,NA,"rayon chenille yarn 1300 ypp","dark purple large"
9357,16158,NA,"rayon ribbon","natural"
9357,16158,NA,"rayon ribbon","natural small"
1987,19420,NA,"wayfarer yarn","soft blue"
1987,2507,NA,"wayfarer yarn","bordeaux"
18977,21160,NA,"big wool crepe yarn","black"
19107,19111,NA,"bulky merino wool","egyptian"
16614,20466,NA,"nature's wool","petunia"
16614,16617,NA,"nature's wool","amethyst"
19107,19113,NA,"bulky merino wool","sapphire"
19107,20453,NA,"bulky merino wool","jewel blue"
20497,9999,NA,"two ply metallic yarn","light gold"
20497,9999,NA,"two ply metallic yarn","black"
20497,9999,NA,"two ply metallic yarn","purple"
20497,9999,NA,"two ply metallic yarn","gold"
20497,9999,NA,"two ply metallic yarn","rainbow"
20468,9999,NA,"single ply metallic yarn","rose"
20468,9999,NA,"single ply metallic yarn","black green"
20468,9999,NA,"single ply metallic yarn","black gold"
20468,9999,NA,"single ply metallic yarn","rose black"
20468,9999,NA,"single ply metallic yarn","black fuschia"
20468,9999,NA,"single ply metallic yarn","red red"
15530,18044,NA,"worsted wool mini skeins *bundle special*","bundle"
21017,21026,NA,"stormy yarn","forever lilac"
21048,21063,NA,"8/2 unmercerized cotton","bravado red"
21048,21053,NA,"8/2 unmercerized cotton","steel serpent"
18165,18167,NA,"enchanted yarn (unmercerized cotton)","deep purple"
17032,18373,NA,"eyelash rayon chenille","white"
17702,17716,NA,"persian rug yarn","green tea"
17702,17708,NA,"persian rug yarn","blue lotus"
1739,2527,NA,"wool crepe yarn","kelly green"
16614,16615,NA,"nature's wool","citrine"
13312,19595,NA,"jewels","white silver"
18970,18974,NA,"super soft cotton metallic","silver"
14587,14590,NA,"softball skein metallic","copper"
20468,20540,NA,"single ply metallic yarn","black copper"
18952,18953,NA,"cotton rayon twist","moss"
18281,18282,NA,"8/4 unmercerized cotton (merry maid)","berry"
18281,18282,NA,"merry maid yarn (8/4 unmercerized cotton)","berry"
18281,18284,NA,"8/4 unmercerized cotton (merry maid)","lavender"
18281,18284,NA,"merry maid yarn (8/4 unmercerized cotton)","lavender"
18281,18288,NA,"8/4 unmercerized cotton (merry maid)","sky blue"
18281,18288,NA,"merry maid yarn (8/4 unmercerized cotton)","sky blue"
18281,20570,NA,"8/4 unmercerized cotton (merry maid)","barberry"
13654,16715,NA,"4/4 cotton yarn","denim"
13654,16715,NA,"worsted cotton yarn","denim"
13654,16715,NA,"worsted cotton yarn","small denim"
13654,18329,NA,"4/4 cotton yarn","burnt auburn"
13654,18329,NA,"worsted cotton yarn","burnt auburn"
16614,19277,NA,"nature's wool","blue canoe"
1987,2010,NA,"wayfarer yarn","hiking trail"
18977,19484,NA,"big wool crepe yarn","blue cloud"
18977,19481,NA,"big wool crepe yarn","hot coral"
7709,16834,NA,"wool crepe with metallic twist","black on black"
17955,18237,NA,"popcorn yarn","purple kernel"
17955,20226,NA,"popcorn yarn","light rainbow gourmet"
17955,19608,NA,"popcorn yarn","seeded watermelon"
8165,17664,NA,"wool tweed yarn","denim blue"
16287,16290,NA,"wool boucle","navy"
13312,19592,NA,"jewels","black silver"
7709,16827,NA,"wool crepe with metallic twist","black "
9824,9827,NA,"fun multi","truffle"
18952,18955,NA,"cotton rayon twist","natural"
18952,20082,NA,"cotton rayon twist","barnacle"
15558,15580,NA,"cotton rayon chain yarn","natural"
19207,9999,NA,"5/2 spun rayon",NA
16495,16500,NA,"fun mini skeins","pearl"
16495,16498,NA,"fun mini skeins","salmon"
16495,16502,NA,"fun mini skeins","seagrass"
3512,6901,NA,"metallic tape yarn","silver"
2698,2929,NA,"duo tone rayon yarn","pearl"
2698,2929,NA,"duo tone rayon yarn","pearl large"
2698,9962,NA,"duo tone rayon yarn","sand"
2698,9962,NA,"duo tone rayon yarn","sand small"
2698,17924,NA,"duo tone rayon yarn","golden"
2698,14849,NA,"duo tone rayon yarn","cinnamon"
2698,14849,NA,"duo tone rayon yarn","cinnamon small"
2698,14848,NA,"duo tone rayon yarn","hanna"
2698,14848,NA,"duo tone rayon yarn","hanna small"
2260,16330,NA,"3 ply silky rayon yarn","silver"
20468,20472,NA,"single ply metallic yarn","black silver"
1791,1792,NA,"silver & gold metallic yarn spools","silver"
1791,1793,NA,"silver & gold metallic yarn spools","gold"
17848,18109,NA,"classic combo duo","willow cotton rayon"
17848,18111,NA,"classic combo duo","silver birch cotton"
17848,18950,NA,"classic combo duo","purple orchid cotton"
16246,16248,NA,"new mix","a"
16246,16250,NA,"new mix","b"
16234,18816,NA,"5/1 spun rayon",NA
16234,18816,NA,"spun rayon",NA
6854,20770,NA,"sun soft linen","pine bristle"
9850,15526,NA,"skinny majesty","sunbeam"
9850,14824,NA,"skinny majesty","lava"
9581,9613,NA,"skinny majesty","baby blue"
12357,12363,NA,"fiesta wool","limestone"
9824,9830,NA,"fun multi","salt   pepper"
17303,17306,NA,"thick and thin slub cotton","crabapple"
12984,17831,NA,"macaw yarn","blue parrot"
12984,17944,NA,"macaw yarn","amazon"
9367,15773,NA,"flax cotton rayon blend yarn","garnet"
1946,14816,NA,"rayon chenille yarn 1300 ypp","brick"
1946,14816,NA,"rayon chenille yarn 1300 ypp","brick large"
9367,17130,NA,"flax cotton rayon blend yarn","ruby"
15805,20580,NA,"hiking trail","red currant"
9357,17515,NA,"rayon ribbon","gold pan"
1749,18084,NA,"rayon chenille yarn 1850 ypp","artichoke"
605,1887,NA,"american lamb yarn","brownies"
2938,16169,NA,"seeded rayon yarn","fire side"
2938,16170,NA,"seeded rayon yarn","sherwood"
2382,15875,NA,"super soft worsted cotton yarn","khaki"
2382,15875,NA,"super soft worsted cotton yarn","khaki worsted"
2382,15921,NA,"super soft worsted cotton yarn","chocolate lily"
2382,19786,NA,"super soft worsted cotton yarn","pumpkin"
2382,15878,NA,"super soft worsted cotton yarn","smoke"
2382,15878,NA,"super soft worsted cotton yarn","smoke worsted"
19043,19442,NA,"cotton bash macrame","sunflower"
19043,19441,NA,"cotton bash macrame","green tea ice"
19043,19658,NA,"cotton bash macrame","denim"
19043,19370,NA,"cotton bash macrame","sand"
19708,19711,NA,"thick and thin cotton with linen","lime"
1739,17061,NA,"wool crepe yarn","natural"
1739,17061,NA,"wool crepe yarn","australian white"
17166,17360,NA,"metallic diva yarn","glamor gold"
1739,2532,NA,"wool crepe yarn","black"
1946,14818,NA,"rayon chenille yarn 1300 ypp","moody blue"
1946,14818,NA,"rayon chenille yarn 1300 ypp","moody blue large"
20204,20207,NA,"big chenille 1750 ypp","mushroom"
21000,21001,NA,"lustrous loopy","ivory"
21048,21051,NA,"8/2 unmercerized cotton","pine forest"
21048,21057,NA,"8/2 unmercerized cotton","indigo"
21048,21061,NA,"8/2 unmercerized cotton","spring water"
21048,21071,NA,"8/2 unmercerized cotton","gulfstream"
2382,17138,NA,"super soft worsted cotton yarn","ruby magnolia"
9581,9999,NA,"skinny majesty","silver"
9581,9999,NA,"skinny majesty","navy"
13744,13745,NA,"plush","golden"
10496,10510,NA,"worsted rayon boucle","rust"
3680,13154,NA,"rayon boucle yarn 3792",NA
17551,17554,NA,"matte skinny majesty","blueberry cream"
17551,17554,NA,"dull skinny majesty","blueberry cream"
17551,17555,NA,"matte skinny majesty","cranberry"
17551,17558,NA,"matte skinny majesty","raisin"
15530,18038,NA,"worsted wool mini skeins *bundle special*","natural"
18281,19030,NA,"8/4 unmercerized cotton (merry maid)","stone"
18281,19030,NA,"merry maid yarn (8/4 unmercerized cotton)","stone"
18281,18283,NA,"8/4 unmercerized cotton (merry maid)","khaki"
18281,18283,NA,"merry maid yarn (8/4 unmercerized cotton)","khaki"
9625,9999,NA,"super fine wool***super special price***","white"
1946,15020,NA,"rayon chenille yarn 1300 ypp","artichoke"
1946,15020,NA,"rayon chenille yarn 1300 ypp","artichoke large"
7709,7711,NA,"wool crepe with metallic twist","creme gold"
18281,19027,NA,"8/4 unmercerized cotton (merry maid)","lilac"
18281,19027,NA,"merry maid yarn (8/4 unmercerized cotton)","lilac"
18281,20575,NA,"8/4 unmercerized cotton (merry maid)","lime"
1058,18657,NA,"florafil yarn super soft cotton | worsted","lady"
13790,13799,NA,"hank or cone","butterfly skein"
20468,20476,NA,"single ply metallic yarn","green"
1085,1100,NA,"florafil super soft cotton yarn | bulky","pink coneflower"
1085,1090,NA,"florafil super soft cotton yarn | bulky","blue cornflower"
15805,15809,NA,"hiking trail","almost black"
15805,15824,NA,"hiking trail","marshmallow"
15805,20578,NA,"hiking trail","spring water"
17551,18162,NA,"matte skinny majesty","brick"
15805,20196,NA,"hiking trail","cinnamon"
16614,19347,NA,"nature's wool","firefighter"
15587,15593,NA,"cotton rayon seed yarn","natural"
9367,9417,NA,"flax cotton rayon blend yarn","natural"
17151,19055,NA,"ramie",NA
17702,19894,NA,"persian rug yarn","natural"
20525,20527,NA,"four ply metallic yarn","lizard"
8165,17663,NA,"wool tweed yarn","aqua"
8165,17665,NA,"wool tweed yarn","forest"
17551,17556,NA,"matte skinny majesty","dry mint"
17551,17556,NA,"dull skinny majesty","dry mint"
17151,19056,NA,"ramie",NA
11180,11185,NA,"seeded ratton (avanti)","tomato"
11180,12634,NA,"seeded ratton (avanti)","buttercup"
11180,12635,NA,"seeded ratton (avanti)","sunflower"
11180,12636,NA,"seeded ratton (avanti)","cotton candy"
1144,1163,NA,"florafil baby yarn| soft bulky cotton yarn","baby sage"
1144,19219,NA,"florafil baby yarn| soft bulky cotton yarn","blue flag iris"
1144,1157,NA,"florafil baby yarn| soft bulky cotton yarn","baby rose"
2938,16168,NA,"seeded rayon yarn","blue lagoon"
18281,19028,NA,"8/4 unmercerized cotton","sienna"
17702,17717,NA,"persian rug yarn","paprika"
1739,2530,NA,"wool crepe yarn","navy"
1739,3312,NA,"wool crepe yarn","dark purple"
12984,17834,NA,"macaw yarn","violet starling"
13312,19593,NA,"jewels","black copper"
13654,18567,NA,"4/4 cotton yarn","lilac"
13654,18567,NA,"worsted cotton yarn","lilac"
18281,18285,NA,"merry maid yarn (8/4 unmercerized cotton)","lounge green"
13654,17399,NA,"worsted cotton yarn","sky blue"
13654,17399,NA,"worsted cotton yarn","small sky blue"
20525,20526,NA,"four ply metallic yarn","turquoise"
20525,20530,NA,"four ply metallic yarn","black gold"
9850,14863,NA,"skinny majesty","black"
9581,9616,NA,"skinny majesty","black"
8165,17667,NA,"wool tweed yarn","purple potato"
1739,8619,NA,"wool crepe yarn","coal"
16440,16444,NA,"cotton bash thick and thin","seabreeze"
16440,16444,NA,"cotton bash","seabreeze"
2698,3443,NA,"duo tone rayon yarn","charcoal"
2698,3443,NA,"duo tone rayon yarn","charcoal large"
2382,19792,NA,"super soft worsted cotton yarn","sea blue"
16440,19445,NA,"cotton bash thick and thin","green tea ice"
15587,15589,NA,"cotton rayon seed yarn","violet"
12984,17833,NA,"macaw yarn","scarlet macaw"
16440,19693,NA,"cotton bash thick and thin","blue mist"
8165,17662,NA,"wool tweed yarn","smoke"
12357,17802,NA,"fiesta wool","blue agave"
1572,1573,NA,"florafil shimmer yarn","yellow cinquefoil"
1572,1575,NA,"florafil shimmer yarn","lady"
18977,19483,NA,"big wool crepe yarn","hydrangea"
1144,1160,NA,"florafil baby yarn| soft bulky cotton yarn","baby buttercup"
13654,17270,NA,"worsted cotton yarn","indigo"
13654,17270,NA,"worsted cotton yarn","small indigo"
6342,15536,NA,"shiny worsted rayon boucle","copper"
19107,19112,NA,"bulky merino wool","prussian"
15032,18591,NA,"twister","custard"
19043,19044,NA,"cotton bash macrame","salmon"
15587,15594,NA,"cotton rayon seed yarn","peach"
15558,15581,NA,"cotton rayon chain yarn","peach"
9850,14825,NA,"skinny majesty","confetti"
8165,17669,NA,"wool tweed yarn","true blue"
17955,18563,NA,"popcorn yarn","purple kernel"
2563,19769,NA,"fine rayon boucle yarn","ivy"
16756,16762,NA,"wavy 100% bamboo yarn","saffron"
16756,16764,NA,"wavy 100% bamboo yarn","indigo"
15805,15815,NA,"hiking trail","concrete"
15805,15815,NA,"hiking trail","concrete small"
13654,16703,NA,"worsted cotton yarn","sienna"
13654,16703,NA,"worsted cotton yarn","small sienna"
1749,18083,NA,"rayon chenille yarn 1850 ypp","almond"
3115,7723,NA,"smooth cotton rayon","mushroom bisque"
3115,16202,NA,"smooth cotton rayon","natural"
1946,14336,NA,"rayon chenille yarn 1300 ypp","cocoa"
1946,14336,NA,"rayon chenille yarn 1300 ypp","cocoa large"
17551,18164,NA,"matte skinny majesty","ice"
1085,18986,NA,"florafil super soft cotton yarn | bulky","lady"
12357,12365,NA,"fiesta wool","maraca"
1739,2558,NA,"wool crepe yarn","lavender"
15032,19210,NA,"twister","natural"
17166,17198,NA,"metallic diva yarn","disco ball"
16440,17938,NA,"cotton bash thick and thin","natural"
16440,17938,NA,"cotton bash","thick and thin"
16546,16562,NA,"curaã§ao cotton boucle","fuchsia"
16440,16726,NA,"cotton bash thick and thin","hot pink"
16440,16726,NA,"cotton bash","hot pink"
16614,19253,NA,"nature's wool","lime"
2577,5179,NA,"monotone wrapped cotton/rayon/poly yarn","confetti"
2577,6994,NA,"monotone wrapped cotton/rayon/poly yarn","rustic"
16047,9999,NA,"autumn leaves",NA
18281,18287,NA,"merry maid yarn (8/4 unmercerized cotton)","natural"
1749,18085,NA,"rayon chenille yarn 1850 ypp","asparagus"
1749,18082,NA,"rayon chenille yarn 1850 ypp","strawberry fuzz"
2698,12616,NA,"duo tone rayon yarn","golden"
2698,18391,NA,"duo tone rayon yarn","hot pink"
6342,15538,NA,"shiny worsted rayon boucle","natural"
16546,16554,NA,"curaã§ao cotton boucle","sangria"
16546,16552,NA,"curaã§ao cotton boucle","ocean breeze"
16546,19634,NA,"curaã§ao cotton boucle","waves"
17303,17304,NA,"thick and thin slub cotton","natural"
7709,7710,NA,"wool crepe with metallic twist","snow silver"
18977,19488,NA,"big wool crepe yarn","emerald"
1739,6050,NA,"wool crepe yarn","plum"
17410,17413,NA,"rayon swirl","olive swirl"
13654,19015,NA,"worsted cotton yarn","stone"
18281,19031,NA,"merry maid yarn (8/4 unmercerized cotton)","stone"
15530,18042,NA,"worsted wool mini skeins *bundle special*","dark green"
19043,19045,NA,"cotton bash macrame","sea breeze"
18165,18168,NA,"enchanted yarn (unmercerized cotton)","natural"
1739,17259,NA,"wool crepe yarn","zangari"
1739,2559,NA,"wool crepe yarn","australian white"
1739,2559,NA,"wool crepe yarn","natural"
15805,15833,NA,"hiking trail","wine berry"
15805,15833,NA,"hiking trail","wine berry large"
10060,9999,NA,"memory yarn",NA
16546,9999,NA,"curaã§ao cotton boucle","key lime"
16546,9999,NA,"curaã§ao cotton boucle","toasted almond"
16546,9999,NA,"curaã§ao cotton boucle","papaya"
16440,16442,NA,"cotton bash thick and thin","salmon"
13312,9999,NA,"jewels","onyx"
13312,9999,NA,"jewels","zircon"
19043,19048,NA,"cotton bash macrame","natural"
10855,13051,NA,"shades of sunset","sunset red"
17848,19362,NA,"classic combo duo","light violet cotton"
16406,9999,NA,"green chrysanthemum on cone",NA
1739,2526,NA,"wool crepe yarn","lemonade"
1739,2249,NA,"wool crepe yarn","dark turquoise"
1739,3414,NA,"wool crepe yarn","scarlet"
1739,6055,NA,"wool crepe yarn","hot pink"
1739,15097,NA,"wool crepe yarn","turquoise"
1739,15487,NA,"wool crepe yarn","boysenberry"
1739,17057,NA,"wool crepe yarn","true red"
10496,10498,NA,"worsted rayon boucle","black"
10496,10512,NA,"worsted rayon boucle","golden"
13790,13793,NA,"hank or cone","bumble bee cone"
1739,2245,NA,"wool crepe yarn","pompeii"
1739,16925,NA,"wool crepe yarn","suede"
15805,15814,NA,"hiking trail","ash"
15805,15814,NA,"hiking trail","ash large"
18977,9999,NA,"big wool crepe yarn","inca sky"
15805,15827,NA,"hiking trail","moss green"
15805,15827,NA,"hiking trail","moss green large"
12369,12384,NA,"thick rayon chenille","cream"
1144,1166,NA,"florafil baby yarn| soft bulky cotton yarn","baby lavender"
1144,1165,NA,"florafil baby yarn| soft bulky cotton yarn","baby lavender"
19043,19047,NA,"cotton bash macrame","hot pink"
17303,17305,NA,"thick and thin slub cotton","brandywine"
3512,16068,NA,"metallic tape yarn","gold natural"
13790,13802,NA,"hank or cone","firefly skein"
12680,12717,NA,"shimmer yarn","lady"
12680,12719,NA,"shimmer yarn","white lily"
12680,12720,NA,"shimmer yarn","yellow cinquefoil"
12680,12718,NA,"shimmer yarn","lavender"
17702,17713,NA,"persian rug yarn","blue lotus"
17702,17714,NA,"persian rug yarn","borage petal"
17702,17715,NA,"persian rug yarn","green curry"
3512,9999,NA,"metallic tape yarn","black"
18281,18286,NA,"merry maid yarn (8/4 unmercerized cotton)","maroon"
13654,18566,NA,"worsted cotton yarn","natural"
1987,2506,NA,"wayfarer yarn","distant hills"
1572,1574,NA,"florafil shimmer yarn","green chrysanthemum"
1572,1577,NA,"florafil shimmer yarn","indian paintbrush"
15032,18592,NA,"twister","custard"
13904,17428,NA,"carnival","blueberry"
13904,13907,NA,"carnival","gypsy"
10285,10862,NA,"swirl yarn","latte"
10496,10511,NA,"worsted rayon boucle","kiwi"
16756,16760,NA,"wavy 100% bamboo yarn","cumin"
1144,1158,NA,"florafil baby yarn| soft bulky cotton yarn","baby rose"
9226,9232,NA,"fancy twist cotton yarns",NA
13654,18191,NA,"worsted cotton yarn","lounge green"
13790,13795,NA,"hank or cone","spider skein"
12399,12402,NA,"cotton rayon yarn","suede"
15558,16664,NA,"cotton rayon chain yarn","deep blue"
1572,1580,NA,"florafil shimmer yarn","white lily"
1572,2520,NA,"florafil shimmer yarn","begonia"
2563,9218,NA,"fine rayon boucle yarn","pepper"
9850,15022,NA,"skinny majesty","olive"
13904,13909,NA,"carnival","lollipop"
17151,9999,NA,"ramie",NA
2698,9999,NA,"duo tone rayon yarn","peacock"
2698,9999,NA,"duo tone rayon yarn","peacock large"
2563,9215,NA,"fine rayon boucle yarn","crocus"
15805,15812,NA,"hiking trail","ash"
15805,15811,NA,"hiking trail","almost black"
15805,15811,NA,"hiking trail","almost black large"
1739,15495,NA,"wool crepe yarn","porcelain"
1739,12988,NA,"wool crepe yarn","lilac"
16234,9999,NA,"spun rayon",NA
13654,16913,NA,"worsted cotton yarn","natural"
13654,16913,NA,"worsted cotton yarn","large natural"
2563,9999,NA,"fine rayon boucle yarn","ivy"
1085,9999,NA,"florafil super soft cotton yarn | bulky","blue cornflower"
1085,9999,NA,"florafil super soft cotton yarn | bulky","pink phlox on"
1085,9999,NA,"florafil super soft cotton yarn | bulky","brown galingale on"
1085,9999,NA,"florafil super soft cotton yarn | bulky","meadow on cone"
1085,9999,NA,"florafil super soft cotton yarn | bulky","marigold on cone"
1085,9999,NA,"florafil super soft cotton yarn | bulky","navy bellflower on"
13904,13905,NA,"carnival","lemonade"
1058,9999,NA,"florafil yarn super soft cotton | worsted","cotton"
1058,9999,NA,"florafil yarn super soft cotton | worsted","white lily"
1058,9999,NA,"florafil yarn super soft cotton | worsted","coral hibiscus"
1058,9999,NA,"florafil yarn super soft cotton | worsted","green chrysanthemum"
1058,9999,NA,"florafil yarn super soft cotton | worsted","blue hyacinth"
9357,16150,NA,"rayon ribbon","jet black"
9357,16150,NA,"rayon ribbon","jet black small"
1069,1073,NA,"florafil metallic yarn | bulky","chocolate lily with"
1069,9999,NA,"florafil metallic yarn | bulky","black dahlia with"
15805,15822,NA,"hiking trail","marshmallow"
9367,15775,NA,"flax cotton rayon blend yarn","carbonite"
15805,15831,NA,"hiking trail","wine berry small"
13654,9999,NA,"worsted cotton yarn","large burnt auburn"
13654,9999,NA,"worsted cotton yarn","medium berry"
13654,9999,NA,"worsted cotton yarn","small deep plum"
13654,9999,NA,"worsted cotton yarn","small quince"
13654,9999,NA,"worsted cotton yarn","medium lounge green"
13654,9999,NA,"worsted cotton yarn","large lavender"
12369,12386,NA,"thick rayon chenille","white"
16614,16637,NA,"nature's wool","rose quartz"
16440,9999,NA,"cotton bash","macrame seabreeze"
16440,9999,NA,"cotton bash","macrame hot pink"
16440,9999,NA,"cotton bash","macrame natural"
16440,9999,NA,"cotton bash","macrame salmon"
605,9999,NA,"american lamb yarn","chickpea"
12680,12715,NA,"shimmer yarn","brown galingale"
12984,17832,NA,"macaw yarn","great green"
1739,18321,NA,"wool crepe yarn","blue mist"
16306,16307,NA,"rayon chain yarn",NA
1572,9999,NA,"florafil shimmer yarn","begonia on cone"
1572,9999,NA,"florafil shimmer yarn","blue cornflower on"
1572,9999,NA,"florafil shimmer yarn","white lily  on"
3512,3514,NA,"metallic tape yarn","red"
9841,9999,NA,"viscose stretch yarn","bubblegum"
15805,15821,NA,"hiking trail","cork board large"
9367,15787,NA,"flax cotton rayon blend yarn","golden khaki"
5605,5683,NA,"duet yarns","peridot "
1144,9999,NA,"florafil baby yarn| soft bulky cotton yarn","baby sage on"
1144,9999,NA,"florafil baby yarn| soft bulky cotton yarn","baby sage with"
15805,15830,NA,"hiking trail","tree bark large"
17551,17557,NA,"dull skinny majesty","golden raisin"
10496,10724,NA,"worsted rayon boucle","blue topaz"
1987,9999,NA,"wayfarer yarn","camp fire on"
1987,9999,NA,"wayfarer yarn","pine forest on"
1987,9999,NA,"wayfarer yarn","coral reef on"
